"","Name"
"1","consumer_jpeg_c"
"2","miniGMG"
"3","neural"
"4","cfrac"
"5","espresso"
"6","gs"
"7","08-main"
"8","consumer-jpeg"
"9","ffbench"
"10","anagram"
"11","tramp3d-v4"
"12","ControlFlow-flt"
"13","ControlLoops-flt"
"14","Expansion-dbl"
"15","Expansion-flt"
"16","GlobalDataFlow-flt"
"17","InductionVariable-flt"
"18","LinearDependence-dbl"
"19","LinearDependence-flt"
"20","Recurrences-dbl"
"21","Recurrences-flt"
"22","StatementReordering-dbl"
"23","StatementReordering-flt"
"24","Symbolics-flt"
"25","bmm"
"26","dbms"
